,domain_height,ditch_width,dewatering_depth,stage,elevation,anisotropy,k11,k33,recharge_rate,c0,c1,aquifer_head
0,7.8500000000000005,1.5,1.3832052419198346,6.466794758080166,6.166794758080166,0.39517491274280836,1.7331236696075132,0.6848869949096449,0.008,2.195030009610407,,
1,9.35,1.5,1.298771028291387,8.051228971708612,7.7512289717086125,0.2503041799324793,0.5350991335483029,0.13393754980538816,0.008,2.407599040782171,,
